Complexity,Loss,Equation
1,6.065653,"-0.8329827"
2,5.7030554,"cos(x0)"
4,0.4331182,"x0 * sin(x0)"
6,0.19074094,"sin(x0 / 0.92293036) * x0"
7,3.6361654e-14,"cos(x0) + (sin(x0) * x0)"
9,3.588796e-14,"cos(x0) + (x0 * (sin(x0) - 5.504262e-9))"
11,3.1743126e-14,"((x0 * 0.9999523) * sin(x0)) + cos(x0 * 0.9999523)"
